Model,F1 (%),EM (%),Exec (%),Hits@1 (%),Hits@5 (%),Hits@10 (%),MRR,Coverage (%),Time (min)
gpt-4.1,65.3469989460142,76.17554858934169,99.52978056426332,79.05405405405406,81.08108108108108,81.41891891891892,0.7972758472758469,92.78996865203762,44.569790232181546
gpt-4.1-mini,62.395586069408836,75.23510971786834,99.84326018808778,76.89713322091062,79.0893760539629,79.93254637436762,0.7767017318450704,92.94670846394985,47.18756399949392
gpt-4o,56.445787314789584,69.12225705329153,90.59561128526646,74.20560747663552,77.75700934579439,79.43925233644859,0.7546239430351576,83.85579937304075,19.216294197241464
claude-3-haiku,45.549919323607895,62.06896551724138,78.52664576802508,75.32188841201717,80.04291845493562,81.75965665236052,0.7689829007425568,73.04075235109718,18.782200483481088
gpt-4o-mini,39.402364590523206,61.75548589341693,85.57993730407524,66.6023166023166,70.65637065637065,72.39382239382239,0.6800330943188082,81.19122257053291,27.1440820813179
deepseek-v3,35.48943643131165,54.858934169278996,78.52664576802508,75.177304964539,78.4869976359338,80.1418439716312,0.7636834402791844,66.30094043887146,24.485432541370393
qwen-2.5-7b,27.07254057552355,48.7460815047022,73.98119122257053,59.854014598540154,67.15328467153284,69.82968369829685,0.621920982504924,64.42006269592476,13.50240300099055
llama-3.1-8b,26.989158461599693,48.7460815047022,72.72727272727273,64.83516483516483,75.0,78.2967032967033,0.6811006453863597,57.05329153605015,36.3398156285286
