{
  "model": "claude-3-haiku",
  "dataset": "test",
  "timestamp": "20260106_042546",
  "metrics": {
    "total": 638,
    "answered": 466,
    "coverage": 0.7304075235109718,
    "executability": 0.7852664576802508,
    "hits_1": 0.7532188841201717,
    "hits_5": 0.8004291845493562,
    "hits_10": 0.8175965665236051,
    "mrr": 0.7689829007425568,
    "f1": 0.45549919323607896,
    "em": 0.6206896551724138,
    "by_type": {
      "one-hop": {
        "total": 355,
        "answered": 319,
        "coverage": 0.8985915492957747,
        "executability": 0.9971830985915493,
        "hits_1": 0.6959247648902821,
        "hits_5": 0.7272727272727273,
        "mrr": 0.7068716723889137,
        "f1": 0.5036654617815204,
        "em": 0.704225352112676
      },
      "multi-hop": {
        "total": 184,
        "answered": 48,
        "coverage": 0.2608695652173913,
        "executability": 0.2608695652173913,
        "hits_1": 0.9375,
        "hits_5": 0.9583333333333334,
        "mrr": 0.9416666666666668,
        "f1": 0.177111035805541,
        "em": 0.2554347826086957
      },
      "conjunction": {
        "total": 99,
        "answered": 99,
        "coverage": 1.0,
        "executability": 1.0,
        "hits_1": 0.8484848484848485,
        "hits_5": 0.9595959595959596,
        "mrr": 0.8853936187269524,
        "f1": 0.8001900582218117,
        "em": 1.0
      }
    },
    "total_time_sec": 1126.9320290088654,
    "model": "claude-3-haiku"
  },
  "num_results": 638
}