{
  "model": "gpt-4o",
  "dataset": "test",
  "timestamp": "20260106_042546",
  "metrics": {
    "total": 638,
    "answered": 535,
    "coverage": 0.8385579937304075,
    "executability": 0.9059561128526645,
    "hits_1": 0.7420560747663552,
    "hits_5": 0.7775700934579439,
    "hits_10": 0.794392523364486,
    "mrr": 0.7546239430351576,
    "f1": 0.5644578731478959,
    "em": 0.6912225705329154,
    "by_type": {
      "one-hop": {
        "total": 355,
        "answered": 313,
        "coverage": 0.8816901408450705,
        "executability": 1.0,
        "hits_1": 0.7156549520766773,
        "hits_5": 0.7380191693290735,
        "mrr": 0.72439778893453,
        "f1": 0.5406906738669326,
        "em": 0.704225352112676
      },
      "multi-hop": {
        "total": 184,
        "answered": 123,
        "coverage": 0.6684782608695652,
        "executability": 0.6739130434782609,
        "hits_1": 0.7235772357723578,
        "hits_5": 0.7317073170731707,
        "mrr": 0.7262872628726288,
        "f1": 0.4834789026175928,
        "em": 0.5
      },
      "conjunction": {
        "total": 99,
        "answered": 99,
        "coverage": 1.0,
        "executability": 1.0,
        "hits_1": 0.8484848484848485,
        "hits_5": 0.9595959595959596,
        "mrr": 0.8853936187269524,
        "f1": 0.8001900582218117,
        "em": 1.0
      }
    },
    "total_time_sec": 1152.977651834488,
    "model": "gpt-4o"
  },
  "num_results": 638
}