{
  "model": "deepseek-v3",
  "dataset": "test",
  "timestamp": "20260106_042546",
  "metrics": {
    "total": 638,
    "answered": 423,
    "coverage": 0.6630094043887147,
    "executability": 0.7852664576802508,
    "hits_1": 0.75177304964539,
    "hits_5": 0.7848699763593381,
    "hits_10": 0.8014184397163121,
    "mrr": 0.7636834402791844,
    "f1": 0.35489436431311655,
    "em": 0.54858934169279,
    "by_type": {
      "one-hop": {
        "total": 355,
        "answered": 313,
        "coverage": 0.8816901408450705,
        "executability": 1.0,
        "hits_1": 0.744408945686901,
        "hits_5": 0.7539936102236422,
        "mrr": 0.7488310766266038,
        "f1": 0.4127806253553306,
        "em": 0.704225352112676
      },
      "multi-hop": {
        "total": 184,
        "answered": 11,
        "coverage": 0.059782608695652176,
        "executability": 0.2554347826086957,
        "hits_1": 0.09090909090909091,
        "hits_5": 0.09090909090909091,
        "mrr": 0.09090909090909091,
        "f1": 0.003623188405797101,
        "em": 0.005434782608695652
      },
      "conjunction": {
        "total": 99,
        "answered": 99,
        "coverage": 1.0,
        "executability": 1.0,
        "hits_1": 0.8484848484848485,
        "hits_5": 0.9595959595959596,
        "mrr": 0.8853936187269524,
        "f1": 0.8001900582218117,
        "em": 1.0
      }
    },
    "total_time_sec": 1469.1259524822235,
    "model": "deepseek-v3"
  },
  "num_results": 638
}