{
  "dev": {
    "metrics": {
      "total": 60,
      "answered": 59,
      "coverage": 0.9833333333333333,
      "hits_1": 0.6271186440677966,
      "hits_5": 0.6440677966101694,
      "hits_10": 0.6610169491525424,
      "mrr": 0.6401342338898093,
      "accuracy": 0.7,
      "by_type": {
        "one-hop": {
          "total": 36,
          "answered": 35,
          "coverage": 0.9722222222222222,
          "hits_1": 0.5142857142857142,
          "hits_5": 0.5142857142857142,
          "hits_10": 0.5428571428571428,
          "mrr": 0.5219405656999643
        },
        "multi-hop": {
          "total": 16,
          "answered": 16,
          "coverage": 1.0,
          "hits_1": 0.75,
          "hits_5": 0.75,
          "hits_10": 0.75,
          "mrr": 0.75
        },
        "conjunction": {
          "total": 8,
          "answered": 8,
          "coverage": 1.0,
          "hits_1": 0.875,
          "hits_5": 1.0,
          "hits_10": 1.0,
          "mrr": 0.9375
        }
      }
    },
    "num_questions": 60
  },
  "test": {
    "metrics": {
      "total": 638,
      "answered": 636,
      "coverage": 0.9968652037617555,
      "hits_1": 0.6509433962264151,
      "hits_5": 0.6745283018867925,
      "hits_10": 0.6871069182389937,
      "mrr": 0.6628086567122923,
      "accuracy": 0.7100313479623824,
      "by_type": {
        "one-hop": {
          "total": 355,
          "answered": 355,
          "coverage": 1.0,
          "hits_1": 0.5464788732394367,
          "hits_5": 0.5577464788732395,
          "hits_10": 0.5746478873239437,
          "mrr": 0.5547587640128833
        },
        "multi-hop": {
          "total": 184,
          "answered": 182,
          "coverage": 0.9891304347826086,
          "hits_1": 0.7307692307692307,
          "hits_5": 0.7307692307692307,
          "hits_10": 0.7362637362637363,
          "mrr": 0.731723137973138
        },
        "conjunction": {
          "total": 99,
          "answered": 99,
          "coverage": 1.0,
          "hits_1": 0.8787878787878788,
          "hits_5": 0.98989898989899,
          "hits_10": 1.0,
          "mrr": 0.9235690235690236
        }
      }
    },
    "num_questions": 638
  }
}