{
  "model": "llama-3.1-8b",
  "dataset": "test",
  "timestamp": "20260106_042546",
  "metrics": {
    "total": 638,
    "answered": 364,
    "coverage": 0.5705329153605015,
    "executability": 0.7272727272727273,
    "hits_1": 0.6483516483516484,
    "hits_5": 0.75,
    "hits_10": 0.782967032967033,
    "mrr": 0.6811006453863597,
    "f1": 0.26989158461599694,
    "em": 0.48746081504702193,
    "by_type": {
      "one-hop": {
        "total": 355,
        "answered": 265,
        "coverage": 0.7464788732394366,
        "executability": 0.9746478873239437,
        "hits_1": 0.7924528301886793,
        "hits_5": 0.8301886792452831,
        "mrr": 0.8060497154836777,
        "f1": 0.3782034458754285,
        "em": 0.6816901408450704
      },
      "multi-hop": {
        "total": 184,
        "answered": 0,
        "coverage": 0.0,
        "executability": 0.10326086956521739,
        "hits_1": 0,
        "hits_5": 0,
        "mrr": 0,
        "f1": 0.0,
        "em": 0.0
      },
      "conjunction": {
        "total": 99,
        "answered": 99,
        "coverage": 1.0,
        "executability": 1.0,
        "hits_1": 0.26262626262626265,
        "hits_5": 0.5353535353535354,
        "mrr": 0.3466410133076798,
        "f1": 0.3831172494871606,
        "em": 0.696969696969697
      }
    },
    "total_time_sec": 2180.3889377117157,
    "model": "llama-3.1-8b"
  },
  "num_results": 638
}