{
  "model": "gpt-4.1",
  "dataset": "test",
  "timestamp": "20260106_042546",
  "metrics": {
    "total": 638,
    "answered": 592,
    "coverage": 0.9278996865203761,
    "executability": 0.9952978056426333,
    "hits_1": 0.7905405405405406,
    "hits_5": 0.8108108108108109,
    "hits_10": 0.8141891891891891,
    "mrr": 0.7972758472758469,
    "f1": 0.653469989460142,
    "em": 0.7617554858934169,
    "by_type": {
      "one-hop": {
        "total": 355,
        "answered": 312,
        "coverage": 0.8788732394366198,
        "executability": 1.0,
        "hits_1": 0.7980769230769231,
        "hits_5": 0.7980769230769231,
        "mrr": 0.7980769230769231,
        "f1": 0.5815079721982664,
        "em": 0.7014084507042253
      },
      "multi-hop": {
        "total": 184,
        "answered": 181,
        "coverage": 0.9836956521739131,
        "executability": 0.9836956521739131,
        "hits_1": 0.7458563535911602,
        "hits_5": 0.7513812154696132,
        "mrr": 0.7476979742173111,
        "f1": 0.7133679748979698,
        "em": 0.75
      },
      "conjunction": {
        "total": 99,
        "answered": 99,
        "coverage": 1.0,
        "executability": 1.0,
        "hits_1": 0.8484848484848485,
        "hits_5": 0.9595959595959596,
        "mrr": 0.8853936187269524,
        "f1": 0.8001900582218117,
        "em": 1.0
      }
    },
    "total_time_sec": 2674.187413930893,
    "model": "gpt-4.1"
  },
  "num_results": 638
}