{
  "model": "gpt-4.1-mini",
  "dataset": "test",
  "timestamp": "20260106_042546",
  "metrics": {
    "total": 638,
    "answered": 593,
    "coverage": 0.9294670846394985,
    "executability": 0.9984326018808778,
    "hits_1": 0.7689713322091062,
    "hits_5": 0.790893760539629,
    "hits_10": 0.7993254637436762,
    "mrr": 0.7767017318450704,
    "f1": 0.6239558606940884,
    "em": 0.7523510971786834,
    "by_type": {
      "one-hop": {
        "total": 355,
        "answered": 311,
        "coverage": 0.8760563380281691,
        "executability": 1.0,
        "hits_1": 0.7620578778135049,
        "hits_5": 0.7652733118971061,
        "mrr": 0.7644056550808963,
        "f1": 0.55695307139004,
        "em": 0.6873239436619718
      },
      "multi-hop": {
        "total": 184,
        "answered": 183,
        "coverage": 0.9945652173913043,
        "executability": 0.9945652173913043,
        "hits_1": 0.7377049180327869,
        "hits_5": 0.7431693989071039,
        "mrr": 0.7387978142076502,
        "f1": 0.6584058859532835,
        "em": 0.7445652173913043
      },
      "conjunction": {
        "total": 99,
        "answered": 99,
        "coverage": 1.0,
        "executability": 1.0,
        "hits_1": 0.8484848484848485,
        "hits_5": 0.9595959595959596,
        "mrr": 0.8853936187269524,
        "f1": 0.8001900582218117,
        "em": 1.0
      }
    },
    "total_time_sec": 2831.253839969635,
    "model": "gpt-4.1-mini"
  },
  "num_results": 638
}