{
  "model": "gpt-4o-mini",
  "dataset": "test",
  "timestamp": "20260106_042546",
  "metrics": {
    "total": 638,
    "answered": 518,
    "coverage": 0.8119122257053292,
    "executability": 0.8557993730407524,
    "hits_1": 0.666023166023166,
    "hits_5": 0.7065637065637066,
    "hits_10": 0.7239382239382239,
    "mrr": 0.6800330943188082,
    "f1": 0.39402364590523203,
    "em": 0.6175548589341693,
    "by_type": {
      "one-hop": {
        "total": 355,
        "answered": 355,
        "coverage": 1.0,
        "executability": 1.0,
        "hits_1": 0.6140845070422535,
        "hits_5": 0.6422535211267606,
        "mrr": 0.6242342946568298,
        "f1": 0.4016776242791847,
        "em": 0.704225352112676
      },
      "multi-hop": {
        "total": 184,
        "answered": 64,
        "coverage": 0.34782608695652173,
        "executability": 0.5,
        "hits_1": 0.671875,
        "hits_5": 0.671875,
        "mrr": 0.671875,
        "f1": 0.16072127013298082,
        "em": 0.24456521739130435
      },
      "conjunction": {
        "total": 99,
        "answered": 99,
        "coverage": 1.0,
        "executability": 1.0,
        "hits_1": 0.8484848484848485,
        "hits_5": 0.9595959595959596,
        "mrr": 0.8853936187269524,
        "f1": 0.8001900582218117,
        "em": 1.0
      }
    },
    "total_time_sec": 1628.644924879074,
    "model": "gpt-4o-mini"
  },
  "num_results": 638
}