{
  "model": "qwen-2.5-7b",
  "dataset": "test",
  "timestamp": "20260106_042546",
  "metrics": {
    "total": 638,
    "answered": 411,
    "coverage": 0.6442006269592476,
    "executability": 0.7398119122257053,
    "hits_1": 0.5985401459854015,
    "hits_5": 0.6715328467153284,
    "hits_10": 0.6982968369829684,
    "mrr": 0.621920982504924,
    "f1": 0.2707254057552355,
    "em": 0.48746081504702193,
    "by_type": {
      "one-hop": {
        "total": 355,
        "answered": 314,
        "coverage": 0.8845070422535212,
        "executability": 0.9915492957746479,
        "hits_1": 0.6942675159235668,
        "hits_5": 0.7261146496815286,
        "mrr": 0.7057425942776261,
        "f1": 0.39322692005383253,
        "em": 0.704225352112676
      },
      "multi-hop": {
        "total": 184,
        "answered": 21,
        "coverage": 0.11413043478260869,
        "executability": 0.11413043478260869,
        "hits_1": 0.9523809523809523,
        "hits_5": 0.9523809523809523,
        "mrr": 0.9523809523809523,
        "f1": 0.07194616977225672,
        "em": 0.10869565217391304
      },
      "conjunction": {
        "total": 99,
        "answered": 76,
        "coverage": 0.7676767676767676,
        "executability": 1.0,
        "hits_1": 0.10526315789473684,
        "hits_5": 0.3684210526315789,
        "mrr": 0.18429406850459484,
        "f1": 0.20090057590539992,
        "em": 0.41414141414141414
      }
    },
    "total_time_sec": 810.144180059433,
    "model": "qwen-2.5-7b"
  },
  "num_results": 638
}