Model,F1 (%),EM (%),Exec (%),Coverage (%),Hits@1 (%),Hits@5 (%),MRR,Time (s)
claude-3-haiku,6.419799934969301,100.0,100.0,100.0,100.0,100.0,1.0,9.467459678649902
deepseek-v3,6.419799934969301,100.0,100.0,100.0,100.0,100.0,1.0,13.797856330871582
gpt-4.1,6.419799934969301,100.0,100.0,100.0,100.0,100.0,1.0,19.51643681526184
gpt-4.1-mini,6.419799934969301,100.0,100.0,100.0,100.0,100.0,1.0,17.686851024627686
gpt-4o,6.419799934969301,100.0,100.0,100.0,100.0,100.0,1.0,5.631572246551514
gpt-4o-mini,6.419799934969301,100.0,100.0,100.0,100.0,100.0,1.0,11.937397480010986
llama-3.1-8b,6.419799934969301,100.0,100.0,100.0,100.0,100.0,1.0,37.0858039855957
qwen-2.5-7b,6.419799934969301,100.0,100.0,100.0,100.0,100.0,1.0,7.310822486877441
