Model,Accuracy (%),Executability (%),Coverage (%),Time (s),M Acc (%),C Acc (%),S Acc (%),R Acc (%)
claude-3-haiku,0.0,100.0,20.0,20.68659782409668,0.0,0.0,0.0,0.0
deepseek-v3,0.0,90.0,10.0,52.58017110824585,0.0,0.0,0.0,0.0
gpt-4.1,0.0,80.0,20.0,49.1667594909668,0.0,0.0,0.0,0.0
gpt-4.1-mini,0.0,90.0,30.0,50.147221088409424,0.0,0.0,0.0,0.0
gpt-4o,0.0,90.0,20.0,23.300936698913574,0.0,0.0,0.0,0.0
gpt-4o-mini,0.0,90.0,20.0,30.090811729431152,0.0,0.0,0.0,0.0
llama-3.1-8b,0.0,50.0,10.0,11.1753249168396,0.0,0.0,0.0,0.0
qwen-2.5-7b,0.0,90.0,30.0,124.01271200180054,0.0,0.0,0.0,0.0
