Model,Accuracy (%),Executability (%),Coverage (%),Time (s),M Acc (%),S Acc (%),R Acc (%),C Acc (%)
deepseek-v3,85.0,90.0,85.0,85.06972026824951,80.0,100.0,66.66666666666666,0.0
gpt-4o-mini,80.0,95.0,80.0,6713.150959730148,100.0,100.0,0.0,0.0
qwen-2.5-7b,80.0,95.0,85.0,28.19947838783264,80.0,100.0,33.33333333333333,0.0
gpt-4.1-mini,80.0,95.0,90.0,72.78796029090881,80.0,100.0,33.33333333333333,0.0
llama-3.1-8b,70.0,85.0,70.0,71.20866084098816,80.0,90.9090909090909,0.0,0.0
gpt-4o,60.0,95.0,85.0,48.33595013618469,80.0,63.63636363636363,33.33333333333333,0.0
claude-3-haiku,60.0,95.0,80.0,33.33204746246338,80.0,63.63636363636363,33.33333333333333,0.0
gpt-4.1,60.0,95.0,80.0,103.90787649154663,80.0,63.63636363636363,33.33333333333333,0.0
