Model,Accuracy (%),Executability (%),Coverage (%),Time (s),M Acc (%),C Acc (%),S Acc (%),R Acc (%)
claude-3-haiku,10.0,100.0,20.0,19.32677698135376,50.0,0.0,0.0,0.0
deepseek-v3,10.0,90.0,10.0,53.92415642738342,50.0,0.0,0.0,0.0
gpt-4.1,10.0,90.0,30.0,51.15496325492859,50.0,0.0,0.0,0.0
gpt-4.1-mini,10.0,90.0,20.0,44.122456789016724,50.0,0.0,0.0,0.0
gpt-4o,10.0,90.0,20.0,21.81740379333496,50.0,0.0,0.0,0.0
gpt-4o-mini,10.0,100.0,20.0,27.564456939697266,50.0,0.0,0.0,0.0
llama-3.1-8b,10.0,60.0,10.0,11.17501449584961,50.0,0.0,0.0,0.0
qwen-2.5-7b,10.0,90.0,30.0,15.31128454208374,50.0,0.0,0.0,0.0
